species,strain,reference_strain,isotype,previous_names,sequenced,warning_message,release,source_lab,collection_group,c_label,s_label,latitude,longitude,landscape,substrate,substrate_comment,substrate_temp,ambient_temp,substrate_moisture,ambient_humidity,photo,isolated_by,sampled_by,isolation_date,isolation_date_comment,notes,state,country
C. briggsae,ECA1143,NA,NA,NA,NA,NA,NA,ECA,hawaii_2018,C-1424,S-07783,21.341914,-157.809842,Wild forest,Fruit,NA,22.2,23.3,NA,88.9,https://web.fulcrumapp.com/photos/view?photos=46442bd3-1fbd-4774-8d75-7f7bcbdcc69c,nicoleroberto2018@u.northwestern.edu,tcrombie@northwestern.edu,11/7/18,NA,NA,Hawaii,United States
C. briggsae,ECA1144,NA,NA,NA,NA,NA,NA,ECA,hawaii_2018,C-1424,S-07786,21.341914,-157.809842,Wild forest,Fruit,NA,22.2,23.3,NA,88.9,https://web.fulcrumapp.com/photos/view?photos=46442bd3-1fbd-4774-8d75-7f7bcbdcc69c,nicoleroberto2018@u.northwestern.edu,tcrombie@northwestern.edu,11/7/18,NA,NA,Hawaii,United States
C. briggsae,ECA1145,NA,NA,NA,NA,NA,NA,ECA,hawaii_2018,C-1424,S-07787,21.341914,-157.809842,Wild forest,Fruit,NA,22.2,23.3,NA,88.9,https://web.fulcrumapp.com/photos/view?photos=46442bd3-1fbd-4774-8d75-7f7bcbdcc69c,nicoleroberto2018@u.northwestern.edu,tcrombie@northwestern.edu,11/7/18,NA,NA,Hawaii,United States
C. briggsae,ECA1146,NA,NA,NA,NA,NA,NA,ECA,hawaii_2018,C-1424,S-07788,21.341914,-157.809842,Wild forest,Fruit,NA,22.2,23.3,NA,88.9,https://web.fulcrumapp.com/photos/view?photos=46442bd3-1fbd-4774-8d75-7f7bcbdcc69c,nicoleroberto2018@u.northwestern.edu,tcrombie@northwestern.edu,11/7/18,NA,NA,Hawaii,United States
C. briggsae,ECA1147,NA,NA,NA,NA,NA,NA,ECA,hawaii_2018,C-1432,S-07918,21.341903,-157.809739,Wild forest,Leaf litter,NA,22.3,24,NA,87.5,https://web.fulcrumapp.com/photos/view?photos=159bea5c-cd69-4689-b5b5-3db0c55f9813,qicongsheng2019@u.northwestern.edu,tcrombie@northwestern.edu,11/8/18,NA,NA,Hawaii,United States
C. briggsae,ECA1148,NA,NA,NA,NA,NA,NA,ECA,hawaii_2018,C-3660,S-07930,21.342875,-157.823939,Wild forest,Fruit,NA,23.1,23.3,NA,96.7,https://web.fulcrumapp.com/photos/view?photos=799682d7-b203-4fbe-af9c-ad1b7299c948,erik.andersen@northwestern.edu,tcrombie@northwestern.edu,11/8/18,NA,NA,Hawaii,United States
C. briggsae,ECA1149,NA,NA,NA,NA,NA,NA,ECA,hawaii_2018,C-3660,S-07931,21.342875,-157.823939,Wild forest,Fruit,NA,23.1,23.3,NA,96.7,https://web.fulcrumapp.com/photos/view?photos=799682d7-b203-4fbe-af9c-ad1b7299c948,erik.andersen@northwestern.edu,tcrombie@northwestern.edu,11/8/18,NA,NA,Hawaii,United States
C. briggsae,ECA1150,NA,NA,NA,NA,NA,NA,ECA,hawaii_2018,C-3660,S-07932,21.342875,-157.823939,Wild forest,Fruit,NA,23.1,23.3,NA,96.7,https://web.fulcrumapp.com/photos/view?photos=799682d7-b203-4fbe-af9c-ad1b7299c948,erik.andersen@northwestern.edu,tcrombie@northwestern.edu,11/8/18,NA,NA,Hawaii,United States
C. briggsae,ECA1151,NA,NA,NA,NA,NA,NA,ECA,hawaii_2018,C-3661,S-07936,21.343047,-157.823253,Wild forest,Fruit,NA,22.8,23.3,NA,96.3,https://web.fulcrumapp.com/photos/view?photos=ac0df661-fe54-46e9-ba73-1f88a286672a,nicoleroberto2018@u.northwestern.edu,tcrombie@northwestern.edu,11/8/18,NA,NA,Hawaii,United States
C. briggsae,ECA1152,NA,NA,NA,NA,NA,NA,ECA,hawaii_2018,C-3661,S-08000,21.343047,-157.823253,Wild forest,Fruit,NA,22.8,23.3,NA,96.3,https://web.fulcrumapp.com/photos/view?photos=ac0df661-fe54-46e9-ba73-1f88a286672a,nicoleroberto2018@u.northwestern.edu,tcrombie@northwestern.edu,11/8/18,NA,NA,Hawaii,United States
C. briggsae,ECA1153,NA,NA,NA,NA,NA,NA,ECA,hawaii_2018,C-1293,S-08017,21.342894,-157.822994,Wild forest,Fruit,NA,22.8,23.3,NA,96.7,https://web.fulcrumapp.com/photos/view?photos=9100782e-9bf5-4531-bdf9-639a4011e20b,gaotian52@gmail.com,tcrombie@northwestern.edu,11/8/18,NA,NA,Hawaii,United States
C. briggsae,ECA1154,NA,NA,NA,NA,NA,NA,ECA,hawaii_2018,C-1293,S-08018,21.342894,-157.822994,Wild forest,Fruit,NA,22.8,23.3,NA,96.7,https://web.fulcrumapp.com/photos/view?photos=9100782e-9bf5-4531-bdf9-639a4011e20b,gaotian52@gmail.com,tcrombie@northwestern.edu,11/8/18,NA,NA,Hawaii,United States
C. briggsae,ECA1155,NA,NA,NA,NA,NA,NA,ECA,hawaii_2018,C-1293,S-08019,21.342894,-157.822994,Wild forest,Fruit,NA,22.8,23.3,NA,96.7,https://web.fulcrumapp.com/photos/view?photos=9100782e-9bf5-4531-bdf9-639a4011e20b,gaotian52@gmail.com,tcrombie@northwestern.edu,11/8/18,NA,NA,Hawaii,United States
C. briggsae,ECA1156,NA,NA,NA,NA,NA,NA,ECA,hawaii_2018,C-1293,S-08020,21.342894,-157.822994,Wild forest,Fruit,NA,22.8,23.3,NA,96.7,https://web.fulcrumapp.com/photos/view?photos=9100782e-9bf5-4531-bdf9-639a4011e20b,gaotian52@gmail.com,tcrombie@northwestern.edu,11/8/18,NA,NA,Hawaii,United States
C. briggsae,ECA1157,NA,NA,NA,NA,NA,NA,ECA,hawaii_2018,C-1291,S-08025,21.3426,-157.822131,Wild forest,Fruit,NA,22.3,23.3,NA,94.8,https://web.fulcrumapp.com/photos/view?photos=f170f553-d58c-4d31-ab9b-eccef8604f39,gaotian52@gmail.com,tcrombie@northwestern.edu,11/8/18,NA,NA,Hawaii,United States
C. briggsae,ECA1158,NA,NA,NA,NA,NA,NA,ECA,hawaii_2018,C-1291,S-08028,21.3426,-157.822131,Wild forest,Fruit,NA,22.3,23.3,NA,94.8,https://web.fulcrumapp.com/photos/view?photos=f170f553-d58c-4d31-ab9b-eccef8604f39,gaotian52@gmail.com,tcrombie@northwestern.edu,11/8/18,NA,NA,Hawaii,United States
C. briggsae,ECA1159,NA,NA,NA,NA,NA,NA,ECA,hawaii_2018,C-1291,S-08035,21.3426,-157.822131,Wild forest,Fruit,NA,22.3,23.3,NA,94.8,https://web.fulcrumapp.com/photos/view?photos=f170f553-d58c-4d31-ab9b-eccef8604f39,gaotian52@gmail.com,tcrombie@northwestern.edu,11/8/18,NA,NA,Hawaii,United States
C. briggsae,ECA1160,NA,NA,NA,NA,NA,NA,ECA,hawaii_2018,C-1293,S-08037,21.342894,-157.822994,Wild forest,Fruit,NA,22.8,23.3,NA,96.7,https://web.fulcrumapp.com/photos/view?photos=9100782e-9bf5-4531-bdf9-639a4011e20b,gaotian52@gmail.com,tcrombie@northwestern.edu,11/8/18,NA,NA,Hawaii,United States
C. briggsae,ECA1161,NA,NA,NA,NA,NA,NA,ECA,hawaii_2018,C-1293,S-08038,21.342894,-157.822994,Wild forest,Fruit,NA,22.8,23.3,NA,96.7,https://web.fulcrumapp.com/photos/view?photos=9100782e-9bf5-4531-bdf9-639a4011e20b,gaotian52@gmail.com,tcrombie@northwestern.edu,11/8/18,NA,NA,Hawaii,United States
C. briggsae,ECA1162,NA,NA,NA,NA,NA,NA,ECA,hawaii_2018,C-1291,S-08039,21.3426,-157.822131,Wild forest,Fruit,NA,22.3,23.3,NA,94.8,https://web.fulcrumapp.com/photos/view?photos=f170f553-d58c-4d31-ab9b-eccef8604f39,gaotian52@gmail.com,tcrombie@northwestern.edu,11/8/18,NA,NA,Hawaii,United States
C. briggsae,ECA1163,NA,NA,NA,NA,NA,NA,ECA,hawaii_2018,C-3661,S-08057,21.343047,-157.823253,Wild forest,Fruit,NA,22.8,23.3,NA,96.3,https://web.fulcrumapp.com/photos/view?photos=ac0df661-fe54-46e9-ba73-1f88a286672a,nicoleroberto2018@u.northwestern.edu,tcrombie@northwestern.edu,11/8/18,NA,NA,Hawaii,United States
C. briggsae,ECA1164,NA,NA,NA,NA,NA,NA,ECA,hawaii_2018,C-3661,S-08059,21.343047,-157.823253,Wild forest,Fruit,NA,22.8,23.3,NA,96.3,https://web.fulcrumapp.com/photos/view?photos=ac0df661-fe54-46e9-ba73-1f88a286672a,nicoleroberto2018@u.northwestern.edu,tcrombie@northwestern.edu,11/8/18,NA,NA,Hawaii,United States
C. briggsae,ECA1165,NA,NA,NA,NA,NA,NA,ECA,hawaii_2018,C-3661,S-08060,21.343047,-157.823253,Wild forest,Fruit,NA,22.8,23.3,NA,96.3,https://web.fulcrumapp.com/photos/view?photos=ac0df661-fe54-46e9-ba73-1f88a286672a,nicoleroberto2018@u.northwestern.edu,tcrombie@northwestern.edu,11/8/18,NA,NA,Hawaii,United States
C. briggsae,ECA1166,NA,NA,NA,NA,NA,NA,ECA,hawaii_2018,C-3552,S-08085,21.400847,-157.888639,Wild forest,Leaf litter,NA,24,26,63,83,NA,robyn.tanny@northwestern.edu,tcrombie@northwestern.edu,11/9/18,NA,NA,Hawaii,United States
C. briggsae,ECA1167,NA,NA,NA,NA,NA,NA,ECA,hawaii_2018,C-3552,S-08086,21.400847,-157.888639,Wild forest,Leaf litter,NA,24,26,63,83,NA,robyn.tanny@northwestern.edu,tcrombie@northwestern.edu,11/9/18,NA,NA,Hawaii,United States
C. briggsae,ECA1168,NA,NA,NA,NA,NA,NA,ECA,hawaii_2018,C-3552,S-08087,21.400847,-157.888639,Wild forest,Leaf litter,NA,24,26,63,83,NA,robyn.tanny@northwestern.edu,tcrombie@northwestern.edu,11/9/18,NA,NA,Hawaii,United States
C. briggsae,ECA1169,NA,NA,NA,NA,NA,NA,ECA,hawaii_2018,C-3552,S-08088,21.400847,-157.888639,Wild forest,Leaf litter,NA,24,26,63,83,NA,robyn.tanny@northwestern.edu,tcrombie@northwestern.edu,11/9/18,NA,NA,Hawaii,United States
C. briggsae,ECA1170,NA,NA,NA,NA,NA,NA,ECA,hawaii_2018,C-3552,S-08096,21.400847,-157.888639,Wild forest,Leaf litter,NA,24,26,63,83,NA,robyn.tanny@northwestern.edu,tcrombie@northwestern.edu,11/9/18,NA,NA,Hawaii,United States
C. briggsae,ECA1171,NA,NA,NA,NA,NA,NA,ECA,hawaii_2018,C-4661,S-08441,20.040306,-155.441989,Wild forest,Fruit,NA,22.2,23.3,NA,84.1,https://web.fulcrumapp.com/photos/view?photos=67ce810c-fd6f-424e-829c-42f015c8f882,erik.andersen@northwestern.edu,tcrombie@northwestern.edu,11/18/18,NA,NA,Hawaii,United States
C. briggsae,ECA1172,NA,NA,NA,NA,NA,NA,ECA,hawaii_2018,C-4661,S-08442,20.040306,-155.441989,Wild forest,Fruit,NA,22.2,23.3,NA,84.1,https://web.fulcrumapp.com/photos/view?photos=67ce810c-fd6f-424e-829c-42f015c8f882,erik.andersen@northwestern.edu,tcrombie@northwestern.edu,11/18/18,NA,NA,Hawaii,United States
C. briggsae,ECA1173,NA,NA,NA,NA,NA,NA,ECA,hawaii_2018,C-4661,S-08443,20.040306,-155.441989,Wild forest,Fruit,NA,22.2,23.3,NA,84.1,https://web.fulcrumapp.com/photos/view?photos=67ce810c-fd6f-424e-829c-42f015c8f882,erik.andersen@northwestern.edu,tcrombie@northwestern.edu,11/18/18,NA,NA,Hawaii,United States
C. briggsae,ECA1174,NA,NA,NA,NA,NA,NA,ECA,hawaii_2018,C-4661,S-08444,20.040306,-155.441989,Wild forest,Fruit,NA,22.2,23.3,NA,84.1,https://web.fulcrumapp.com/photos/view?photos=67ce810c-fd6f-424e-829c-42f015c8f882,erik.andersen@northwestern.edu,tcrombie@northwestern.edu,11/18/18,NA,NA,Hawaii,United States
C. briggsae,ECA1175,NA,NA,NA,NA,NA,NA,ECA,hawaii_2018,C-4661,S-08445,20.040306,-155.441989,Wild forest,Fruit,NA,22.2,23.3,NA,84.1,https://web.fulcrumapp.com/photos/view?photos=67ce810c-fd6f-424e-829c-42f015c8f882,erik.andersen@northwestern.edu,tcrombie@northwestern.edu,11/18/18,NA,NA,Hawaii,United States
C. briggsae,ECA1176,NA,NA,NA,NA,NA,NA,ECA,hawaii_2018,C-4661,S-08451,20.040306,-155.441989,Wild forest,Fruit,NA,22.2,23.3,NA,84.1,https://web.fulcrumapp.com/photos/view?photos=67ce810c-fd6f-424e-829c-42f015c8f882,erik.andersen@northwestern.edu,tcrombie@northwestern.edu,11/18/18,NA,NA,Hawaii,United States
C. briggsae,ECA1177,NA,NA,NA,NA,NA,NA,ECA,hawaii_2018,C-4669,S-09321,20.040281,-155.441944,Wild forest,Fruit,NA,20.9,23.3,NA,85.3,https://web.fulcrumapp.com/photos/view?photos=8926a8e6-ff0b-40fc-af4e-7c9f353c6ab7,tcrombie@northwestern.edu,tcrombie@northwestern.edu,11/16/18,NA,NA,Hawaii,United States
C. briggsae,ECA1178,NA,NA,NA,NA,NA,NA,ECA,hawaii_2018,C-4669,S-09322,20.040281,-155.441944,Wild forest,Fruit,NA,20.9,23.3,NA,85.3,https://web.fulcrumapp.com/photos/view?photos=8926a8e6-ff0b-40fc-af4e-7c9f353c6ab7,tcrombie@northwestern.edu,tcrombie@northwestern.edu,11/16/18,NA,NA,Hawaii,United States
C. briggsae,ECA1179,NA,NA,NA,NA,NA,NA,ECA,hawaii_2018,C-4669,S-09323,20.040281,-155.441944,Wild forest,Fruit,NA,20.9,23.3,NA,85.3,https://web.fulcrumapp.com/photos/view?photos=8926a8e6-ff0b-40fc-af4e-7c9f353c6ab7,tcrombie@northwestern.edu,tcrombie@northwestern.edu,11/16/18,NA,NA,Hawaii,United States
C. briggsae,ECA1180,NA,NA,NA,NA,NA,NA,ECA,hawaii_2018,C-4669,S-09327,20.040281,-155.441944,Wild forest,Fruit,NA,20.9,23.3,NA,85.3,https://web.fulcrumapp.com/photos/view?photos=8926a8e6-ff0b-40fc-af4e-7c9f353c6ab7,tcrombie@northwestern.edu,tcrombie@northwestern.edu,11/16/18,NA,NA,Hawaii,United States
C. briggsae,ECA1181,NA,NA,NA,NA,NA,NA,ECA,hawaii_2018,C-4669,S-09328,20.040281,-155.441944,Wild forest,Fruit,NA,20.9,23.3,NA,85.3,https://web.fulcrumapp.com/photos/view?photos=8926a8e6-ff0b-40fc-af4e-7c9f353c6ab7,tcrombie@northwestern.edu,tcrombie@northwestern.edu,11/16/18,NA,NA,Hawaii,United States
C. briggsae,ECA1182,NA,NA,NA,NA,NA,NA,ECA,hawaii_2018,C-4555,S-09666,20.038611,-155.438067,Wild forest,Leaf litter,NA,21.2,24.7,65.5,77.2,https://web.fulcrumapp.com/photos/view?photos=95453475-3c57-4559-9d09-2aed49b83e4e,tcrombie@northwestern.edu,tcrombie@northwestern.edu,11/19/18,NA,NA,Hawaii,United States
C. briggsae,ECA1183,NA,NA,NA,NA,NA,NA,ECA,hawaii_2018,C-2753,S-09805,19.120506,-155.820061,Wild forest,Fruit,NA,21.9,26,NA,72.8,https://web.fulcrumapp.com/photos/view?photos=1722d75a-6222-471e-8f12-90f159f09404,shannonbrady2014@u.northwestern.edu,tcrombie@northwestern.edu,11/15/18,NA,NA,Hawaii,United States
C. elegans,ECA1184,NA,NA,NA,NA,NA,NA,ECA,hawaii_2018,C-1633,S-08069,19.440064,-155.302017,Wild forest,Flower,NA,18.3,20.2,NA,74.5,https://web.fulcrumapp.com/photos/view?photos=d5748a75-c4a5-40dd-9375-7b22765978e8,erik.andersen@northwestern.edu,stefanzdraljevic2018@u.northwestern.edu,11/11/18,NA,NA,Hawaii,United States
C. elegans,ECA1185,NA,NA,NA,NA,NA,NA,ECA,hawaii_2018,C-1633,S-08076,19.440064,-155.302017,Wild forest,Flower,NA,18.3,20.2,NA,74.5,https://web.fulcrumapp.com/photos/view?photos=d5748a75-c4a5-40dd-9375-7b22765978e8,erik.andersen@northwestern.edu,stefanzdraljevic2018@u.northwestern.edu,11/11/18,NA,NA,Hawaii,United States
C. elegans,ECA1186,NA,NA,NA,NA,NA,NA,ECA,hawaii_2018,C-1696,S-08083,19.114569,-155.820194,Wild forest,Leaf litter,NA,20.1,21.2,62,87.5,NA,nicoleroberto2018@u.northwestern.edu,tcrombie@northwestern.edu,11/12/18,NA,NA,Hawaii,United States
C. elegans,ECA1187,NA,NA,NA,NA,NA,NA,ECA,hawaii_2018,C-1649,S-08121,19.441892,-155.301294,Wild forest,Leaf litter,NA,17.5,19.2,57,82.3,https://web.fulcrumapp.com/photos/view?photos=d51cb752-0aa4-48d7-965d-6d4899cdecbc,robyn.tanny@northwestern.edu,stefanzdraljevic2018@u.northwestern.edu,11/12/18,NA,NA,Hawaii,United States
C. elegans,ECA1188,NA,NA,NA,NA,NA,NA,ECA,hawaii_2018,C-1649,S-08122,19.441892,-155.301294,Wild forest,Leaf litter,NA,17.5,19.2,57,82.3,https://web.fulcrumapp.com/photos/view?photos=d51cb752-0aa4-48d7-965d-6d4899cdecbc,robyn.tanny@northwestern.edu,stefanzdraljevic2018@u.northwestern.edu,11/12/18,NA,NA,Hawaii,United States
C. elegans,ECA1189,NA,NA,NA,NA,NA,NA,ECA,hawaii_2018,C-1649,S-08123,19.441892,-155.301294,Wild forest,Leaf litter,NA,17.5,19.2,57,82.3,https://web.fulcrumapp.com/photos/view?photos=d51cb752-0aa4-48d7-965d-6d4899cdecbc,robyn.tanny@northwestern.edu,stefanzdraljevic2018@u.northwestern.edu,11/12/18,NA,NA,Hawaii,United States
C. elegans,ECA1190,NA,NA,NA,NA,NA,NA,ECA,hawaii_2018,C-1649,S-08124,19.441892,-155.301294,Wild forest,Leaf litter,NA,17.5,19.2,57,82.3,https://web.fulcrumapp.com/photos/view?photos=d51cb752-0aa4-48d7-965d-6d4899cdecbc,robyn.tanny@northwestern.edu,stefanzdraljevic2018@u.northwestern.edu,11/12/18,NA,NA,Hawaii,United States
C. elegans,ECA1191,NA,NA,NA,NA,NA,NA,ECA,hawaii_2018,C-1637,S-08129,19.442856,-155.301722,Wild forest,Leaf litter,NA,16.6,19.2,67.5,86.7,https://web.fulcrumapp.com/photos/view?photos=b526ef0a-6d54-47af-8e30-e2f350c78fd2,robyn.tanny@northwestern.edu,stefanzdraljevic2018@u.northwestern.edu,11/12/18,NA,NA,Hawaii,United States
C. elegans,ECA1192,NA,NA,NA,NA,NA,NA,ECA,hawaii_2018,C-3422,S-08146,19.439969,-155.305067,Wild forest,Leaf litter,NA,17.8,19.2,46,83.3,NA,robyn.tanny@northwestern.edu,stefanzdraljevic2018@u.northwestern.edu,11/12/18,NA,NA,Hawaii,United States
C. elegans,ECA1193,NA,NA,NA,NA,NA,NA,ECA,hawaii_2018,C-3422,S-08148,19.439969,-155.305067,Wild forest,Leaf litter,NA,17.8,19.2,46,83.3,NA,robyn.tanny@northwestern.edu,stefanzdraljevic2018@u.northwestern.edu,11/12/18,NA,NA,Hawaii,United States
C. elegans,ECA1194,NA,NA,NA,NA,NA,NA,ECA,hawaii_2018,C-3442,S-08170,19.439611,-155.304014,Wild forest,Leaf litter,NA,17.9,17.8,69,89.2,NA,erik.andersen@northwestern.edu,stefanzdraljevic2018@u.northwestern.edu,11/11/18,NA,NA,Hawaii,United States
C. elegans,ECA1195,NA,NA,NA,NA,NA,NA,ECA,hawaii_2018,C-3442,S-08177,19.439611,-155.304014,Wild forest,Leaf litter,NA,17.9,17.8,69,89.2,NA,erik.andersen@northwestern.edu,stefanzdraljevic2018@u.northwestern.edu,11/11/18,NA,NA,Hawaii,United States
C. elegans,ECA1196,NA,NA,NA,NA,NA,NA,ECA,hawaii_2018,C-1637,S-08249,19.442856,-155.301722,Wild forest,Leaf litter,NA,16.6,19.2,67.5,86.7,https://web.fulcrumapp.com/photos/view?photos=b526ef0a-6d54-47af-8e30-e2f350c78fd2,robyn.tanny@northwestern.edu,stefanzdraljevic2018@u.northwestern.edu,11/12/18,NA,NA,Hawaii,United States
C. elegans,ECA1197,NA,NA,NA,NA,NA,NA,ECA,hawaii_2018,C-3463,S-08255,19.441142,-155.304914,Wild forest,Leaf litter,NA,17.8,19.2,66,78.9,NA,robyn.tanny@northwestern.edu,stefanzdraljevic2018@u.northwestern.edu,11/12/18,NA,NA,Hawaii,United States
C. elegans,ECA1198,NA,NA,NA,NA,NA,NA,ECA,hawaii_2018,C-3463,S-08256,19.441142,-155.304914,Wild forest,Leaf litter,NA,17.8,19.2,66,78.9,NA,robyn.tanny@northwestern.edu,stefanzdraljevic2018@u.northwestern.edu,11/12/18,NA,NA,Hawaii,United States
C. elegans,ECA1199,NA,NA,NA,NA,NA,NA,ECA,hawaii_2018,C-2633,S-08288,19.438994,-155.303422,Wild forest,Leaf litter,NA,16.8,17.1,65.5,90.1,NA,nicoleroberto2018@u.northwestern.edu,stefanzdraljevic2018@u.northwestern.edu,11/12/18,NA,NA,Hawaii,United States
C. elegans,ECA1200,NA,NA,NA,NA,NA,NA,ECA,hawaii_2018,C-4627,S-08376,20.039569,-155.440386,Wild forest,Leaf litter,NA,20.8,23.3,67.5,84.5,https://web.fulcrumapp.com/photos/view?photos=6c3fda3d-3ec2-4232-bc52-7213b55c5bd2,erik.andersen@northwestern.edu,tcrombie@northwestern.edu,11/18/18,NA,NA,Hawaii,United States
C. elegans,ECA1201,NA,NA,NA,NA,NA,NA,ECA,hawaii_2018,C-3611,S-08490,19.718972,-155.949094,Wild forest,Leaf litter,NA,20.1,21.9,67.5,83.1,NA,tcrombie@northwestern.edu,stefanzdraljevic2018@u.northwestern.edu,11/19/18,NA,NA,Hawaii,United States
C. elegans,ECA1202,NA,NA,NA,NA,NA,NA,ECA,hawaii_2018,C-3611,S-08492,19.718972,-155.949094,Wild forest,Leaf litter,NA,20.1,21.9,67.5,83.1,NA,tcrombie@northwestern.edu,stefanzdraljevic2018@u.northwestern.edu,11/19/18,NA,NA,Hawaii,United States
C. elegans,ECA1203,NA,NA,NA,NA,NA,NA,ECA,hawaii_2018,C-3434,S-08519,19.718953,-155.951536,Wild forest,Flower,NA,20.8,21.9,NA,87.7,NA,tcrombie@northwestern.edu,stefanzdraljevic2018@u.northwestern.edu,11/19/18,NA,NA,Hawaii,United States
C. elegans,ECA1204,NA,NA,NA,NA,NA,NA,ECA,hawaii_2018,C-3434,S-08520,19.718953,-155.951536,Wild forest,Flower,NA,20.8,21.9,NA,87.7,NA,tcrombie@northwestern.edu,stefanzdraljevic2018@u.northwestern.edu,11/19/18,NA,NA,Hawaii,United States
C. elegans,ECA1205,NA,NA,NA,NA,NA,NA,ECA,hawaii_2018,C-3434,S-08527,19.718953,-155.951536,Wild forest,Flower,NA,20.8,21.9,NA,87.7,NA,tcrombie@northwestern.edu,stefanzdraljevic2018@u.northwestern.edu,11/19/18,NA,NA,Hawaii,United States
C. elegans,ECA1206,NA,NA,NA,NA,NA,NA,ECA,hawaii_2018,C-3611,S-08528,19.718972,-155.949094,Wild forest,Leaf litter,NA,20.1,21.9,67.5,83.1,NA,tcrombie@northwestern.edu,stefanzdraljevic2018@u.northwestern.edu,11/19/18,NA,NA,Hawaii,United States
C. elegans,ECA1207,NA,NA,NA,NA,NA,NA,ECA,hawaii_2018,C-3434,S-08537,19.718953,-155.951536,Wild forest,Flower,NA,20.8,21.9,NA,87.7,NA,tcrombie@northwestern.edu,stefanzdraljevic2018@u.northwestern.edu,11/19/18,NA,NA,Hawaii,United States
C. elegans,ECA1208,NA,NA,NA,NA,NA,NA,ECA,hawaii_2018,C-3434,S-08538,19.718953,-155.951536,Wild forest,Flower,NA,20.8,21.9,NA,87.7,NA,tcrombie@northwestern.edu,stefanzdraljevic2018@u.northwestern.edu,11/19/18,NA,NA,Hawaii,United States
C. elegans,ECA1209,NA,NA,NA,NA,NA,NA,ECA,hawaii_2018,C-3603,S-08549,19.718764,-155.948872,Wild forest,Flower,NA,21.2,23.3,NA,80.4,NA,tcrombie@northwestern.edu,stefanzdraljevic2018@u.northwestern.edu,11/19/18,NA,NA,Hawaii,United States
C. elegans,ECA1210,NA,NA,NA,NA,NA,NA,ECA,hawaii_2018,C-3603,S-08550,19.718764,-155.948872,Wild forest,Flower,NA,21.2,23.3,NA,80.4,NA,tcrombie@northwestern.edu,stefanzdraljevic2018@u.northwestern.edu,11/19/18,NA,NA,Hawaii,United States
C. elegans,ECA1211,NA,NA,NA,NA,NA,NA,ECA,hawaii_2018,C-3603,S-08551,19.718764,-155.948872,Wild forest,Flower,NA,21.2,23.3,NA,80.4,NA,tcrombie@northwestern.edu,stefanzdraljevic2018@u.northwestern.edu,11/19/18,NA,NA,Hawaii,United States
C. elegans,ECA1212,NA,NA,NA,NA,NA,NA,ECA,hawaii_2018,C-3603,S-08566,19.718764,-155.948872,Wild forest,Flower,NA,21.2,23.3,NA,80.4,NA,tcrombie@northwestern.edu,stefanzdraljevic2018@u.northwestern.edu,11/19/18,NA,NA,Hawaii,United States
C. elegans,ECA1213,NA,NA,NA,NA,NA,NA,ECA,hawaii_2018,C-3603,S-08567,19.718764,-155.948872,Wild forest,Flower,NA,21.2,23.3,NA,80.4,NA,tcrombie@northwestern.edu,stefanzdraljevic2018@u.northwestern.edu,11/19/18,NA,NA,Hawaii,United States
C. elegans,ECA1214,NA,NA,NA,NA,NA,NA,ECA,hawaii_2018,C-3603,S-08568,19.718764,-155.948872,Wild forest,Flower,NA,21.2,23.3,NA,80.4,NA,tcrombie@northwestern.edu,stefanzdraljevic2018@u.northwestern.edu,11/19/18,NA,NA,Hawaii,United States
C. elegans,ECA1215,NA,NA,NA,NA,NA,NA,ECA,hawaii_2018,C-1437,S-08672,19.720575,-155.947653,Wild forest,Fungus,NA,19.8,20.5,NA,91.1,https://web.fulcrumapp.com/photos/view?photos=a9184a0d-98ec-4c59-849d-3c92164cfe17,shannonbrady2014@u.northwestern.edu,stefanzdraljevic2018@u.northwestern.edu,11/19/18,NA,NA,Hawaii,United States
C. elegans,ECA1216,NA,NA,NA,NA,NA,NA,ECA,hawaii_2018,C-1437,S-08693,19.720575,-155.947653,Wild forest,Fungus,NA,19.8,20.5,NA,91.1,https://web.fulcrumapp.com/photos/view?photos=a9184a0d-98ec-4c59-849d-3c92164cfe17,shannonbrady2014@u.northwestern.edu,stefanzdraljevic2018@u.northwestern.edu,11/19/18,NA,NA,Hawaii,United States
C. elegans,ECA1217,NA,NA,NA,NA,NA,NA,ECA,hawaii_2018,C-1437,S-08694,19.720575,-155.947653,Wild forest,Fungus,NA,19.8,20.5,NA,91.1,https://web.fulcrumapp.com/photos/view?photos=a9184a0d-98ec-4c59-849d-3c92164cfe17,shannonbrady2014@u.northwestern.edu,stefanzdraljevic2018@u.northwestern.edu,11/19/18,NA,NA,Hawaii,United States
C. elegans,ECA1218,NA,NA,NA,NA,NA,NA,ECA,hawaii_2018,C-1437,S-08695,19.720575,-155.947653,Wild forest,Fungus,NA,19.8,20.5,NA,91.1,https://web.fulcrumapp.com/photos/view?photos=a9184a0d-98ec-4c59-849d-3c92164cfe17,shannonbrady2014@u.northwestern.edu,stefanzdraljevic2018@u.northwestern.edu,11/19/18,NA,NA,Hawaii,United States
C. elegans,ECA1219,NA,NA,NA,NA,NA,NA,ECA,hawaii_2018,C-1433,S-08724,19.720719,-155.94765,Wild forest,Leaf litter,NA,19.5,20.5,62.5,90.7,https://web.fulcrumapp.com/photos/view?photos=75f6f384-76f7-4644-8eda-6f0916a46d82,tcrombie@northwestern.edu,stefanzdraljevic2018@u.northwestern.edu,11/19/18,NA,NA,Hawaii,United States
C. elegans,ECA1220,NA,NA,NA,NA,NA,NA,ECA,hawaii_2018,C-4594,S-08766,20.039722,-155.441483,Wild forest,Fruit,NA,21.3,23.3,NA,83.6,https://web.fulcrumapp.com/photos/view?photos=6599acdf-264b-49b7-bae7-8256d6c446ec,erik.andersen@northwestern.edu,tcrombie@northwestern.edu,11/19/18,NA,NA,Hawaii,United States
C. elegans,ECA1221,NA,NA,NA,NA,NA,NA,ECA,hawaii_2018,C-4594,S-08775,20.039722,-155.441483,Wild forest,Fruit,NA,21.3,23.3,NA,83.6,https://web.fulcrumapp.com/photos/view?photos=6599acdf-264b-49b7-bae7-8256d6c446ec,erik.andersen@northwestern.edu,tcrombie@northwestern.edu,11/19/18,NA,NA,Hawaii,United States
C. elegans,ECA1222,NA,NA,NA,NA,NA,NA,ECA,hawaii_2018,C-3569,S-08795,19.7188,-155.954483,Wild forest,Fruit,NA,20.4,21.2,NA,89,NA,erik.andersen@northwestern.edu,stefanzdraljevic2018@u.northwestern.edu,11/19/18,NA,NA,Hawaii,United States
C. elegans,ECA1223,NA,NA,NA,NA,NA,NA,ECA,hawaii_2018,C-3569,S-08796,19.7188,-155.954483,Wild forest,Fruit,NA,20.4,21.2,NA,89,NA,erik.andersen@northwestern.edu,stefanzdraljevic2018@u.northwestern.edu,11/19/18,NA,NA,Hawaii,United States
C. elegans,ECA1224,NA,NA,NA,NA,NA,NA,ECA,hawaii_2018,C-3569,S-08801,19.7188,-155.954483,Wild forest,Fruit,NA,20.4,21.2,NA,89,NA,erik.andersen@northwestern.edu,stefanzdraljevic2018@u.northwestern.edu,11/19/18,NA,NA,Hawaii,United States
C. elegans,ECA1225,NA,NA,NA,NA,NA,NA,ECA,hawaii_2018,C-3569,S-08802,19.7188,-155.954483,Wild forest,Fruit,NA,20.4,21.2,NA,89,NA,erik.andersen@northwestern.edu,stefanzdraljevic2018@u.northwestern.edu,11/19/18,NA,NA,Hawaii,United States
C. elegans,ECA1226,NA,NA,NA,NA,NA,NA,ECA,hawaii_2018,C-3569,S-08803,19.7188,-155.954483,Wild forest,Fruit,NA,20.4,21.2,NA,89,NA,erik.andersen@northwestern.edu,stefanzdraljevic2018@u.northwestern.edu,11/19/18,NA,NA,Hawaii,United States
C. elegans,ECA1227,NA,NA,NA,NA,NA,NA,ECA,hawaii_2018,C-3569,S-08804,19.7188,-155.954483,Wild forest,Fruit,NA,20.4,21.2,NA,89,NA,erik.andersen@northwestern.edu,stefanzdraljevic2018@u.northwestern.edu,11/19/18,NA,NA,Hawaii,United States
C. elegans,ECA1228,NA,NA,NA,NA,NA,NA,ECA,hawaii_2018,C-1421,S-08865,19.721356,-155.947333,Wild forest,Flower,NA,20.5,20.5,NA,91.1,https://web.fulcrumapp.com/photos/view?photos=e42ac1d7-c826-4b5d-bef0-6d74e53ad8c1,nicoleroberto2018@u.northwestern.edu,stefanzdraljevic2018@u.northwestern.edu,11/19/18,NA,NA,Hawaii,United States
C. elegans,ECA1229,NA,NA,NA,NA,NA,NA,ECA,hawaii_2018,C-3451,S-08914,19.105403,-155.697525,Wild forest,Leaf litter,NA,22.5,26,64,59.9,NA,robyn.tanny@northwestern.edu,tcrombie@northwestern.edu,11/13/18,NA,NA,Hawaii,United States
C. elegans,ECA1230,NA,NA,NA,NA,NA,NA,ECA,hawaii_2018,C-3451,S-08915,19.105403,-155.697525,Wild forest,Leaf litter,NA,22.5,26,64,59.9,NA,robyn.tanny@northwestern.edu,tcrombie@northwestern.edu,11/13/18,NA,NA,Hawaii,United States
C. elegans,ECA1231,NA,NA,NA,NA,NA,NA,ECA,hawaii_2018,C-3451,S-08921,19.105403,-155.697525,Wild forest,Leaf litter,NA,22.5,26,64,59.9,NA,robyn.tanny@northwestern.edu,tcrombie@northwestern.edu,11/13/18,NA,NA,Hawaii,United States
C. elegans,ECA1232,NA,NA,NA,NA,NA,NA,ECA,hawaii_2018,C-1678,S-08925,19.440236,-155.301494,Wild forest,Soil,NA,19,21.2,70,77.1,https://web.fulcrumapp.com/photos/view?photos=5013985a-81eb-4d42-82c3-9203a425be1e,robyn.tanny@northwestern.edu,stefanzdraljevic2018@u.northwestern.edu,11/12/18,NA,NA,Hawaii,United States
C. elegans,ECA1233,NA,NA,NA,NA,NA,NA,ECA,hawaii_2018,C-3451,S-08936,19.105403,-155.697525,Wild forest,Leaf litter,NA,22.5,26,64,59.9,NA,robyn.tanny@northwestern.edu,tcrombie@northwestern.edu,11/13/18,NA,NA,Hawaii,United States
C. elegans,ECA1234,NA,NA,NA,NA,NA,NA,ECA,hawaii_2018,C-1658,S-09041,19.441803,-155.304619,Wild forest,Flower,NA,17.1,19.2,NA,84.5,https://web.fulcrumapp.com/photos/view?photos=1f0c72b9-f66f-47c6-9e42-6e286c432997,erik.andersen@northwestern.edu,stefanzdraljevic2018@u.northwestern.edu,11/10/18,NA,NA,Hawaii,United States
C. elegans,ECA1235,NA,NA,NA,NA,NA,NA,ECA,hawaii_2018,C-1658,S-09042,19.441803,-155.304619,Wild forest,Flower,NA,17.1,19.2,NA,84.5,https://web.fulcrumapp.com/photos/view?photos=1f0c72b9-f66f-47c6-9e42-6e286c432997,erik.andersen@northwestern.edu,stefanzdraljevic2018@u.northwestern.edu,11/10/18,NA,NA,Hawaii,United States
C. elegans,ECA1236,NA,NA,NA,NA,NA,NA,ECA,hawaii_2018,C-1658,S-09043,19.441803,-155.304619,Wild forest,Flower,NA,17.1,19.2,NA,84.5,https://web.fulcrumapp.com/photos/view?photos=1f0c72b9-f66f-47c6-9e42-6e286c432997,erik.andersen@northwestern.edu,stefanzdraljevic2018@u.northwestern.edu,11/10/18,NA,NA,Hawaii,United States
C. elegans,ECA1237,NA,NA,NA,NA,NA,NA,ECA,hawaii_2018,C-1658,S-09045,19.441803,-155.304619,Wild forest,Flower,NA,17.1,19.2,NA,84.5,https://web.fulcrumapp.com/photos/view?photos=1f0c72b9-f66f-47c6-9e42-6e286c432997,erik.andersen@northwestern.edu,stefanzdraljevic2018@u.northwestern.edu,11/10/18,NA,NA,Hawaii,United States
C. elegans,ECA1238,NA,NA,NA,NA,NA,NA,ECA,hawaii_2018,C-2597,S-09058,19.438925,-155.303367,Wild forest,Leaf litter,NA,17.5,17.1,70,89.6,https://web.fulcrumapp.com/photos/view?photos=a4eb5c43-d245-4ed8-b91b-b19d133dda36,nicoleroberto2018@u.northwestern.edu,stefanzdraljevic2018@u.northwestern.edu,11/12/18,NA,NA,Hawaii,United States
C. elegans,ECA1239,NA,NA,NA,NA,NA,NA,ECA,hawaii_2018,C-2633,S-09060,19.438994,-155.303422,Wild forest,Leaf litter,NA,16.8,17.1,65.5,90.1,NA,nicoleroberto2018@u.northwestern.edu,stefanzdraljevic2018@u.northwestern.edu,11/12/18,NA,NA,Hawaii,United States
C. elegans,ECA1240,NA,NA,NA,NA,NA,NA,ECA,hawaii_2018,C-1666,S-09066,19.441797,-155.304625,Wild forest,Leaf litter,NA,17.1,19.2,70,84.3,https://web.fulcrumapp.com/photos/view?photos=78c21f9e-e122-487d-bf0b-efec83b3a959,robyn.tanny@northwestern.edu,stefanzdraljevic2018@u.northwestern.edu,11/13/18,NA,NA,Hawaii,United States
C. elegans,ECA1241,NA,NA,NA,NA,NA,NA,ECA,hawaii_2018,C-3451,S-09074,19.105403,-155.697525,Wild forest,Leaf litter,NA,22.5,26,64,59.9,NA,robyn.tanny@northwestern.edu,tcrombie@northwestern.edu,11/13/18,NA,NA,Hawaii,United States
C. elegans,ECA1242,NA,NA,NA,NA,NA,NA,ECA,hawaii_2018,C-2560,S-09080,19.438603,-155.303339,Wild forest,Leaf litter,NA,17.5,17.8,64,84.7,https://web.fulcrumapp.com/photos/view?photos=20f5146d-201d-4d1b-9e47-c0e679a2a912,nicoleroberto2018@u.northwestern.edu,stefanzdraljevic2018@u.northwestern.edu,11/12/18,NA,NA,Hawaii,United States
C. elegans,ECA1243,NA,NA,NA,NA,NA,NA,ECA,hawaii_2018,C-2713,S-09162,19.120139,-155.819614,Wild forest,Nut,NA,21,24.7,NA,75.7,https://web.fulcrumapp.com/photos/view?photos=c92572ae-86cc-4c19-9ae0-0b88d5a77bc8,robyn.tanny@northwestern.edu,tcrombie@northwestern.edu,11/15/18,NA,NA,Hawaii,United States
C. elegans,ECA1244,NA,NA,NA,NA,NA,NA,ECA,hawaii_2018,C-4563,S-09222,20.039703,-155.441433,Wild forest,Fruit,NA,20.9,23.3,NA,85.8,https://web.fulcrumapp.com/photos/view?photos=2c12b26f-cce7-4571-afe8-27f8da4f9e3c,nicoleroberto2018@u.northwestern.edu,tcrombie@northwestern.edu,11/16/18,NA,NA,Hawaii,United States
C. elegans,ECA1245,NA,NA,NA,NA,NA,NA,ECA,hawaii_2018,C-4563,S-09223,20.039703,-155.441433,Wild forest,Fruit,NA,20.9,23.3,NA,85.8,https://web.fulcrumapp.com/photos/view?photos=2c12b26f-cce7-4571-afe8-27f8da4f9e3c,nicoleroberto2018@u.northwestern.edu,tcrombie@northwestern.edu,11/16/18,NA,NA,Hawaii,United States
C. elegans,ECA1246,NA,NA,NA,NA,NA,NA,ECA,hawaii_2018,C-1410,S-09286,19.7205,-155.947706,Wild forest,Flower,NA,19.8,20.5,NA,90.1,https://web.fulcrumapp.com/photos/view?photos=298634dc-5df3-4525-ba65-2aae2e21f504,nicoleroberto2018@u.northwestern.edu,stefanzdraljevic2018@u.northwestern.edu,11/16/18,NA,NA,Hawaii,United States
C. elegans,ECA1247,NA,NA,NA,NA,NA,NA,ECA,hawaii_2018,C-1410,S-09287,19.7205,-155.947706,Wild forest,Flower,NA,19.8,20.5,NA,90.1,https://web.fulcrumapp.com/photos/view?photos=298634dc-5df3-4525-ba65-2aae2e21f504,nicoleroberto2018@u.northwestern.edu,stefanzdraljevic2018@u.northwestern.edu,11/16/18,NA,NA,Hawaii,United States
C. elegans,ECA1248,NA,NA,NA,NA,NA,NA,ECA,hawaii_2018,C-1410,S-09288,19.7205,-155.947706,Wild forest,Flower,NA,19.8,20.5,NA,90.1,https://web.fulcrumapp.com/photos/view?photos=298634dc-5df3-4525-ba65-2aae2e21f504,nicoleroberto2018@u.northwestern.edu,stefanzdraljevic2018@u.northwestern.edu,11/16/18,NA,NA,Hawaii,United States
C. elegans,ECA1249,NA,NA,NA,NA,NA,NA,ECA,hawaii_2018,C-4449,S-09335,20.041411,-155.443828,Wild forest,Fruit,NA,21.3,24,NA,86.5,https://web.fulcrumapp.com/photos/view?photos=38120a10-0885-467f-80a2-fb521ba3a060,tcrombie@northwestern.edu,tcrombie@northwestern.edu,11/16/18,NA,NA,Hawaii,United States
C. elegans,ECA1250,NA,NA,NA,NA,NA,NA,ECA,hawaii_2018,C-2571,S-09338,19.438661,-155.303442,Wild forest,Leaf litter,NA,17.1,17.8,70,87.2,https://web.fulcrumapp.com/photos/view?photos=66953e5f-9720-44cc-a7ef-960dcb11f468,nicoleroberto2018@u.northwestern.edu,stefanzdraljevic2018@u.northwestern.edu,11/12/18,NA,NA,Hawaii,United States
C. elegans,ECA1251,NA,NA,NA,NA,NA,NA,ECA,hawaii_2018,C-2571,S-09346,19.438661,-155.303442,Wild forest,Leaf litter,NA,17.1,17.8,70,87.2,https://web.fulcrumapp.com/photos/view?photos=66953e5f-9720-44cc-a7ef-960dcb11f468,nicoleroberto2018@u.northwestern.edu,stefanzdraljevic2018@u.northwestern.edu,11/12/18,NA,NA,Hawaii,United States
C. elegans,ECA1252,NA,NA,NA,NA,NA,NA,ECA,hawaii_2018,C-2597,S-09347,19.438925,-155.303367,Wild forest,Leaf litter,NA,17.5,17.1,70,89.6,https://web.fulcrumapp.com/photos/view?photos=a4eb5c43-d245-4ed8-b91b-b19d133dda36,nicoleroberto2018@u.northwestern.edu,stefanzdraljevic2018@u.northwestern.edu,11/12/18,NA,NA,Hawaii,United States
C. elegans,ECA1253,NA,NA,NA,NA,NA,NA,ECA,hawaii_2018,C-2597,S-09349,19.438925,-155.303367,Wild forest,Leaf litter,NA,17.5,17.1,70,89.6,https://web.fulcrumapp.com/photos/view?photos=a4eb5c43-d245-4ed8-b91b-b19d133dda36,nicoleroberto2018@u.northwestern.edu,stefanzdraljevic2018@u.northwestern.edu,11/12/18,NA,NA,Hawaii,United States
C. elegans,ECA1254,NA,NA,NA,NA,NA,NA,ECA,hawaii_2018,C-4449,S-09369,20.041411,-155.443828,Wild forest,Fruit,NA,21.3,24,NA,86.5,https://web.fulcrumapp.com/photos/view?photos=38120a10-0885-467f-80a2-fb521ba3a060,tcrombie@northwestern.edu,tcrombie@northwestern.edu,11/16/18,NA,NA,Hawaii,United States
C. elegans,ECA1255,NA,NA,NA,NA,NA,NA,ECA,hawaii_2018,C-4449,S-09370,20.041411,-155.443828,Wild forest,Fruit,NA,21.3,24,NA,86.5,https://web.fulcrumapp.com/photos/view?photos=38120a10-0885-467f-80a2-fb521ba3a060,tcrombie@northwestern.edu,tcrombie@northwestern.edu,11/16/18,NA,NA,Hawaii,United States
C. elegans,ECA1256,NA,NA,NA,NA,NA,NA,ECA,hawaii_2018,C-4449,S-09374,20.041411,-155.443828,Wild forest,Fruit,NA,21.3,24,NA,86.5,https://web.fulcrumapp.com/photos/view?photos=38120a10-0885-467f-80a2-fb521ba3a060,tcrombie@northwestern.edu,tcrombie@northwestern.edu,11/16/18,NA,NA,Hawaii,United States
C. elegans,ECA1257,NA,NA,NA,NA,NA,NA,ECA,hawaii_2018,C-4449,S-09375,20.041411,-155.443828,Wild forest,Fruit,NA,21.3,24,NA,86.5,https://web.fulcrumapp.com/photos/view?photos=38120a10-0885-467f-80a2-fb521ba3a060,tcrombie@northwestern.edu,tcrombie@northwestern.edu,11/16/18,NA,NA,Hawaii,United States
C. elegans,ECA1258,NA,NA,NA,NA,NA,NA,ECA,hawaii_2018,C-4449,S-09376,20.041411,-155.443828,Wild forest,Fruit,NA,21.3,24,NA,86.5,https://web.fulcrumapp.com/photos/view?photos=38120a10-0885-467f-80a2-fb521ba3a060,tcrombie@northwestern.edu,tcrombie@northwestern.edu,11/16/18,NA,NA,Hawaii,United States
C. elegans,ECA1259,NA,NA,NA,NA,NA,NA,ECA,hawaii_2018,C-2733,S-09386,19.120686,-155.819683,Wild forest,Fruit,NA,20.6,24,NA,76.6,https://web.fulcrumapp.com/photos/view?photos=f7ff43d8-6fb2-4fd6-9d0b-d26abafaa2e2,shannonbrady2014@u.northwestern.edu,tcrombie@northwestern.edu,11/15/18,NA,NA,Hawaii,United States
C. elegans,ECA1260,NA,NA,NA,NA,NA,NA,ECA,hawaii_2018,C-2733,S-09387,19.120686,-155.819683,Wild forest,Fruit,NA,20.6,24,NA,76.6,https://web.fulcrumapp.com/photos/view?photos=f7ff43d8-6fb2-4fd6-9d0b-d26abafaa2e2,shannonbrady2014@u.northwestern.edu,tcrombie@northwestern.edu,11/15/18,NA,NA,Hawaii,United States
C. elegans,ECA1261,NA,NA,NA,NA,NA,NA,ECA,hawaii_2018,C-0991,S-09410,19.115236,-155.819108,Wild forest,Leaf litter,NA,20.4,21.9,67,85,https://web.fulcrumapp.com/photos/view?photos=ec3e8677-4529-462c-8f3f-329a74a8d71e,nicoleroberto2018@u.northwestern.edu,tcrombie@northwestern.edu,11/16/18,NA,NA,Hawaii,United States
C. elegans,ECA1262,NA,NA,NA,NA,NA,NA,ECA,hawaii_2018,C-1306,S-09417,19.720131,-155.948586,Wild forest,Fruit,NA,20.2,21.2,NA,88.7,https://web.fulcrumapp.com/photos/view?photos=61fd02fd-4645-4918-b511-ab6cac47cf2c,nicoleroberto2018@u.northwestern.edu,stefanzdraljevic2018@u.northwestern.edu,11/16/18,NA,NA,Hawaii,United States
C. elegans,ECA1263,NA,NA,NA,NA,NA,NA,ECA,hawaii_2018,C-1306,S-09418,19.720131,-155.948586,Wild forest,Fruit,NA,20.2,21.2,NA,88.7,https://web.fulcrumapp.com/photos/view?photos=61fd02fd-4645-4918-b511-ab6cac47cf2c,nicoleroberto2018@u.northwestern.edu,stefanzdraljevic2018@u.northwestern.edu,11/16/18,NA,NA,Hawaii,United States
C. elegans,ECA1264,NA,NA,NA,NA,NA,NA,ECA,hawaii_2018,C-1306,S-09419,19.720131,-155.948586,Wild forest,Fruit,NA,20.2,21.2,NA,88.7,https://web.fulcrumapp.com/photos/view?photos=61fd02fd-4645-4918-b511-ab6cac47cf2c,nicoleroberto2018@u.northwestern.edu,stefanzdraljevic2018@u.northwestern.edu,11/16/18,NA,NA,Hawaii,United States
C. elegans,ECA1265,NA,NA,NA,NA,NA,NA,ECA,hawaii_2018,C-1063,S-09426,19.115406,-155.818569,Wild forest,Leaf litter,NA,20.2,22.6,66,84.1,https://web.fulcrumapp.com/photos/view?photos=846ac0fb-97e4-4857-be6a-46c9c4a7257f,erik.andersen@northwestern.edu,tcrombie@northwestern.edu,11/15/18,NA,NA,Hawaii,United States
C. elegans,ECA1266,NA,NA,NA,NA,NA,NA,ECA,hawaii_2018,C-1063,S-09432,19.115406,-155.818569,Wild forest,Leaf litter,NA,20.2,22.6,66,84.1,https://web.fulcrumapp.com/photos/view?photos=846ac0fb-97e4-4857-be6a-46c9c4a7257f,erik.andersen@northwestern.edu,tcrombie@northwestern.edu,11/15/18,NA,NA,Hawaii,United States
C. elegans,ECA1267,NA,NA,NA,NA,NA,NA,ECA,hawaii_2018,C-2733,S-09441,19.120686,-155.819683,Wild forest,Fruit,NA,20.6,24,NA,76.6,https://web.fulcrumapp.com/photos/view?photos=f7ff43d8-6fb2-4fd6-9d0b-d26abafaa2e2,shannonbrady2014@u.northwestern.edu,tcrombie@northwestern.edu,11/15/18,NA,NA,Hawaii,United States
C. elegans,ECA1268,NA,NA,NA,NA,NA,NA,ECA,hawaii_2018,C-2733,S-09442,19.120686,-155.819683,Wild forest,Fruit,NA,20.6,24,NA,76.6,https://web.fulcrumapp.com/photos/view?photos=f7ff43d8-6fb2-4fd6-9d0b-d26abafaa2e2,shannonbrady2014@u.northwestern.edu,tcrombie@northwestern.edu,11/15/18,NA,NA,Hawaii,United States
C. elegans,ECA1269,NA,NA,NA,NA,NA,NA,ECA,hawaii_2018,C-2733,S-09445,19.120686,-155.819683,Wild forest,Fruit,NA,20.6,24,NA,76.6,https://web.fulcrumapp.com/photos/view?photos=f7ff43d8-6fb2-4fd6-9d0b-d26abafaa2e2,shannonbrady2014@u.northwestern.edu,tcrombie@northwestern.edu,11/15/18,NA,NA,Hawaii,United States
C. elegans,ECA1270,NA,NA,NA,NA,NA,NA,ECA,hawaii_2018,C-2737,S-09448,19.120692,-155.819656,Wild forest,Fruit,NA,20.4,24,NA,75.4,https://web.fulcrumapp.com/photos/view?photos=60f560dd-b93c-46eb-af89-0f2478077853,shannonbrady2014@u.northwestern.edu,tcrombie@northwestern.edu,11/15/18,NA,NA,Hawaii,United States
C. elegans,ECA1271,NA,NA,NA,NA,NA,NA,ECA,hawaii_2018,C-2737,S-09453,19.120692,-155.819656,Wild forest,Fruit,NA,20.4,24,NA,75.4,https://web.fulcrumapp.com/photos/view?photos=60f560dd-b93c-46eb-af89-0f2478077853,shannonbrady2014@u.northwestern.edu,tcrombie@northwestern.edu,11/15/18,NA,NA,Hawaii,United States
C. elegans,ECA1272,NA,NA,NA,NA,NA,NA,ECA,hawaii_2018,C-1410,S-09468,19.7205,-155.947706,Wild forest,Flower,NA,19.8,20.5,NA,90.1,https://web.fulcrumapp.com/photos/view?photos=298634dc-5df3-4525-ba65-2aae2e21f504,nicoleroberto2018@u.northwestern.edu,stefanzdraljevic2018@u.northwestern.edu,11/16/18,NA,NA,Hawaii,United States
C. elegans,ECA1273,NA,NA,NA,NA,NA,NA,ECA,hawaii_2018,C-1306,S-09469,19.720131,-155.948586,Wild forest,Fruit,NA,20.2,21.2,NA,88.7,https://web.fulcrumapp.com/photos/view?photos=61fd02fd-4645-4918-b511-ab6cac47cf2c,nicoleroberto2018@u.northwestern.edu,stefanzdraljevic2018@u.northwestern.edu,11/16/18,NA,NA,Hawaii,United States
C. elegans,ECA1274,NA,NA,NA,NA,NA,NA,ECA,hawaii_2018,C-1410,S-09479,19.7205,-155.947706,Wild forest,Flower,NA,19.8,20.5,NA,90.1,https://web.fulcrumapp.com/photos/view?photos=298634dc-5df3-4525-ba65-2aae2e21f504,nicoleroberto2018@u.northwestern.edu,stefanzdraljevic2018@u.northwestern.edu,11/16/18,NA,NA,Hawaii,United States
C. elegans,ECA1275,NA,NA,NA,NA,NA,NA,ECA,hawaii_2018,C-1306,S-09480,19.720131,-155.948586,Wild forest,Fruit,NA,20.2,21.2,NA,88.7,https://web.fulcrumapp.com/photos/view?photos=61fd02fd-4645-4918-b511-ab6cac47cf2c,nicoleroberto2018@u.northwestern.edu,stefanzdraljevic2018@u.northwestern.edu,11/16/18,NA,NA,Hawaii,United States
C. elegans,ECA1276,NA,NA,NA,NA,NA,NA,ECA,hawaii_2018,C-3190,S-09545,20.040864,-155.443772,Wild forest,Leaf litter,NA,20.9,22.6,58,86.5,https://web.fulcrumapp.com/photos/view?photos=25efc991-07b3-4a64-bc90-d802680a55d9,tcrombie@northwestern.edu,tcrombie@northwestern.edu,11/19/18,NA,NA,Hawaii,United States
C. elegans,ECA1277,NA,NA,NA,NA,NA,NA,ECA,hawaii_2018,C-3190,S-09547,20.040864,-155.443772,Wild forest,Leaf litter,NA,20.9,22.6,58,86.5,https://web.fulcrumapp.com/photos/view?photos=25efc991-07b3-4a64-bc90-d802680a55d9,tcrombie@northwestern.edu,tcrombie@northwestern.edu,11/19/18,NA,NA,Hawaii,United States
C. elegans,ECA1278,NA,NA,NA,NA,NA,NA,ECA,hawaii_2018,C-3190,S-09600,20.040864,-155.443772,Wild forest,Leaf litter,NA,20.9,22.6,58,86.5,https://web.fulcrumapp.com/photos/view?photos=25efc991-07b3-4a64-bc90-d802680a55d9,tcrombie@northwestern.edu,tcrombie@northwestern.edu,11/19/18,NA,NA,Hawaii,United States
C. elegans,ECA1279,NA,NA,NA,NA,NA,NA,ECA,hawaii_2018,C-1160,S-09625,19.720103,-155.948617,Wild forest,Flower,NA,20.4,21.9,NA,89.6,https://web.fulcrumapp.com/photos/view?photos=1e1fba36-dcb6-4d3a-9645-3a1cd1b61788,shannonbrady2014@u.northwestern.edu,stefanzdraljevic2018@u.northwestern.edu,11/19/18,NA,NA,Hawaii,United States
C. elegans,ECA1281,NA,NA,NA,NA,NA,NA,ECA,hawaii_2018,C-1160,S-09654,19.720103,-155.948617,Wild forest,Flower,NA,20.4,21.9,NA,89.6,https://web.fulcrumapp.com/photos/view?photos=1e1fba36-dcb6-4d3a-9645-3a1cd1b61788,shannonbrady2014@u.northwestern.edu,stefanzdraljevic2018@u.northwestern.edu,11/19/18,NA,NA,Hawaii,United States
C. elegans,ECA1282,NA,NA,NA,NA,NA,NA,ECA,hawaii_2018,C-1160,S-09664,19.720103,-155.948617,Wild forest,Flower,NA,20.4,21.9,NA,89.6,https://web.fulcrumapp.com/photos/view?photos=1e1fba36-dcb6-4d3a-9645-3a1cd1b61788,shannonbrady2014@u.northwestern.edu,stefanzdraljevic2018@u.northwestern.edu,11/19/18,NA,NA,Hawaii,United States
C. elegans,ECA1283,NA,NA,NA,NA,NA,NA,ECA,hawaii_2018,C-1160,S-09674,19.720103,-155.948617,Wild forest,Flower,NA,20.4,21.9,NA,89.6,https://web.fulcrumapp.com/photos/view?photos=1e1fba36-dcb6-4d3a-9645-3a1cd1b61788,shannonbrady2014@u.northwestern.edu,stefanzdraljevic2018@u.northwestern.edu,11/19/18,NA,NA,Hawaii,United States
C. elegans,ECA1284,NA,NA,NA,NA,NA,NA,ECA,hawaii_2018,C-4568,S-09713,20.038594,-155.439978,Wild forest,Leaf litter,NA,20.1,21.2,62,88.7,https://web.fulcrumapp.com/photos/view?photos=3d14a011-0a6a-4bfd-8129-33d24e6d5cb1,erik.andersen@northwestern.edu,stefanzdraljevic2018@u.northwestern.edu,11/16/18,NA,NA,Hawaii,United States
C. elegans,ECA1285,NA,NA,NA,NA,NA,NA,ECA,hawaii_2018,C-4568,S-09715,20.038594,-155.439978,Wild forest,Leaf litter,NA,20.1,21.2,62,88.7,https://web.fulcrumapp.com/photos/view?photos=3d14a011-0a6a-4bfd-8129-33d24e6d5cb1,erik.andersen@northwestern.edu,stefanzdraljevic2018@u.northwestern.edu,11/16/18,NA,NA,Hawaii,United States
C. elegans,ECA1286,NA,NA,NA,NA,NA,NA,ECA,hawaii_2018,C-2745,S-09763,19.120631,-155.819753,Wild forest,Leaf litter,NA,20.7,24,61.5,75.5,https://web.fulcrumapp.com/photos/view?photos=a0db95c3-d70c-452e-a468-1273f372ab1a,shannonbrady2014@u.northwestern.edu,tcrombie@northwestern.edu,11/15/18,NA,NA,Hawaii,United States
C. elegans,ECA1287,NA,NA,NA,NA,NA,NA,ECA,hawaii_2018,C-2713,S-09789,19.120139,-155.819614,Wild forest,Nut,NA,21,24.7,NA,75.7,https://web.fulcrumapp.com/photos/view?photos=c92572ae-86cc-4c19-9ae0-0b88d5a77bc8,robyn.tanny@northwestern.edu,tcrombie@northwestern.edu,11/15/18,NA,NA,Hawaii,United States
C. elegans,ECA1288,NA,NA,NA,NA,NA,NA,ECA,hawaii_2018,C-0987,S-09811,19.115289,-155.819194,Wild forest,Leaf litter,NA,20.5,21.9,64,84.8,https://web.fulcrumapp.com/photos/view?photos=db934764-6948-4209-bfac-9b6781e0f1a9,shannonbrady2014@u.northwestern.edu,tcrombie@northwestern.edu,11/15/18,NA,NA,Hawaii,United States
C. elegans,ECA1289,NA,NA,NA,NA,NA,NA,ECA,hawaii_2018,C-3491,S-09817,19.119419,-155.821783,Wild forest,Leaf litter,NA,20.3,24.7,69,72.7,NA,shannonbrady2014@u.northwestern.edu,tcrombie@northwestern.edu,11/15/18,NA,NA,Hawaii,United States
C. elegans,ECA1290,NA,NA,NA,NA,NA,NA,ECA,hawaii_2018,C-2745,S-09826,19.120631,-155.819753,Wild forest,Leaf litter,NA,20.7,24,61.5,75.5,https://web.fulcrumapp.com/photos/view?photos=a0db95c3-d70c-452e-a468-1273f372ab1a,shannonbrady2014@u.northwestern.edu,tcrombie@northwestern.edu,11/15/18,NA,NA,Hawaii,United States
C. elegans,ECA1291,NA,NA,NA,NA,NA,NA,ECA,hawaii_2018,C-4563,S-09841,20.039703,-155.441433,Wild forest,Fruit,NA,20.9,23.3,NA,85.8,https://web.fulcrumapp.com/photos/view?photos=2c12b26f-cce7-4571-afe8-27f8da4f9e3c,nicoleroberto2018@u.northwestern.edu,tcrombie@northwestern.edu,11/16/18,NA,NA,Hawaii,United States
C. elegans,ECA1292,NA,NA,NA,NA,NA,NA,ECA,hawaii_2018,C-4521,S-09891,20.038475,-155.438331,Wild forest,Leaf litter,NA,20.5,24,59.5,78.7,https://web.fulcrumapp.com/photos/view?photos=6e0f0469-7c95-45ee-bb6d-0d96a6eb26f5,tcrombie@northwestern.edu,tcrombie@northwestern.edu,11/16/18,NA,NA,Hawaii,United States
C. elegans,ECA1293,NA,NA,NA,NA,NA,NA,ECA,hawaii_2018,C-1426,S-09953,19.720489,-155.947719,Wild forest,Leaf litter,NA,19.8,20.5,68.5,91.4,https://web.fulcrumapp.com/photos/view?photos=d8bc8810-bccc-45d3-a41a-e4e94370952c,gaotian52@gmail.com,stefanzdraljevic2018@u.northwestern.edu,11/16/18,NA,NA,Hawaii,United States
C. elegans,ECA1294,NA,NA,NA,NA,NA,NA,ECA,hawaii_2018,C-1426,S-09955,19.720489,-155.947719,Wild forest,Leaf litter,NA,19.8,20.5,68.5,91.4,https://web.fulcrumapp.com/photos/view?photos=d8bc8810-bccc-45d3-a41a-e4e94370952c,gaotian52@gmail.com,stefanzdraljevic2018@u.northwestern.edu,11/16/18,NA,NA,Hawaii,United States
C. elegans,ECA1295,NA,NA,NA,NA,NA,NA,ECA,hawaii_2018,C-4521,S-09965,20.038475,-155.438331,Wild forest,Leaf litter,NA,20.5,24,59.5,78.7,https://web.fulcrumapp.com/photos/view?photos=6e0f0469-7c95-45ee-bb6d-0d96a6eb26f5,tcrombie@northwestern.edu,tcrombie@northwestern.edu,11/16/18,NA,NA,Hawaii,United States
C. elegans,ECA1296,NA,NA,NA,NA,NA,NA,ECA,hawaii_2018,C-4521,S-09978,20.038475,-155.438331,Wild forest,Leaf litter,NA,20.5,24,59.5,78.7,https://web.fulcrumapp.com/photos/view?photos=6e0f0469-7c95-45ee-bb6d-0d96a6eb26f5,tcrombie@northwestern.edu,tcrombie@northwestern.edu,11/16/18,NA,NA,Hawaii,United States
C. elegans,ECA1297,NA,NA,NA,NA,NA,NA,ECA,hawaii_2018,C-4521,S-09979,20.038475,-155.438331,Wild forest,Leaf litter,NA,20.5,24,59.5,78.7,https://web.fulcrumapp.com/photos/view?photos=6e0f0469-7c95-45ee-bb6d-0d96a6eb26f5,tcrombie@northwestern.edu,tcrombie@northwestern.edu,11/16/18,NA,NA,Hawaii,United States
C. elegans,ECA1298,NA,NA,NA,NA,NA,NA,ECA,hawaii_2018,C-4521,S-09980,20.038475,-155.438331,Wild forest,Leaf litter,NA,20.5,24,59.5,78.7,https://web.fulcrumapp.com/photos/view?photos=6e0f0469-7c95-45ee-bb6d-0d96a6eb26f5,tcrombie@northwestern.edu,tcrombie@northwestern.edu,11/16/18,NA,NA,Hawaii,United States
C. tropicalis,ECA1299,NA,NA,NA,NA,NA,NA,ECA,hawaii_2018,C-1436,S-07814,21.341864,-157.809542,Wild forest,Fruit,NA,21.9,24,NA,87.3,https://web.fulcrumapp.com/photos/view?photos=4f71a61c-66a6-4661-908d-e81180291ab1,gaotian52@gmail.com,tcrombie@northwestern.edu,11/8/18,NA,NA,Hawaii,United States
C. tropicalis,ECA1300,NA,NA,NA,NA,NA,NA,ECA,hawaii_2018,C-1446,S-07841,21.342017,-157.809561,Wild forest,Fruit,NA,22.2,24,NA,85.3,https://web.fulcrumapp.com/photos/view?photos=227dc727-8884-40de-8d4e-a8a8ffb17851,nicoleroberto2018@u.northwestern.edu,tcrombie@northwestern.edu,11/8/18,NA,NA,Hawaii,United States
C. tropicalis,ECA1301,NA,NA,NA,NA,NA,NA,ECA,hawaii_2018,C-1446,S-07842,21.342017,-157.809561,Wild forest,Fruit,NA,22.2,24,NA,85.3,https://web.fulcrumapp.com/photos/view?photos=227dc727-8884-40de-8d4e-a8a8ffb17851,nicoleroberto2018@u.northwestern.edu,tcrombie@northwestern.edu,11/8/18,NA,NA,Hawaii,United States
C. tropicalis,ECA1302,NA,NA,NA,NA,NA,NA,ECA,hawaii_2018,C-1446,S-07844,21.342017,-157.809561,Wild forest,Fruit,NA,22.2,24,NA,85.3,https://web.fulcrumapp.com/photos/view?photos=227dc727-8884-40de-8d4e-a8a8ffb17851,nicoleroberto2018@u.northwestern.edu,tcrombie@northwestern.edu,11/8/18,NA,NA,Hawaii,United States
C. tropicalis,ECA1303,NA,NA,NA,NA,NA,NA,ECA,hawaii_2018,C-1446,S-07845,21.342017,-157.809561,Wild forest,Fruit,NA,22.2,24,NA,85.3,https://web.fulcrumapp.com/photos/view?photos=227dc727-8884-40de-8d4e-a8a8ffb17851,nicoleroberto2018@u.northwestern.edu,tcrombie@northwestern.edu,11/8/18,NA,NA,Hawaii,United States
C. tropicalis,ECA1304,NA,NA,NA,NA,NA,NA,ECA,hawaii_2018,C-1446,S-07846,21.342017,-157.809561,Wild forest,Fruit,NA,22.2,24,NA,85.3,https://web.fulcrumapp.com/photos/view?photos=227dc727-8884-40de-8d4e-a8a8ffb17851,nicoleroberto2018@u.northwestern.edu,tcrombie@northwestern.edu,11/8/18,NA,NA,Hawaii,United States
C. tropicalis,ECA1305,NA,NA,NA,NA,NA,NA,ECA,hawaii_2018,C-3669,S-07881,21.340908,-157.822025,Wild forest,Fruit,NA,22.3,23.3,NA,94.8,https://web.fulcrumapp.com/photos/view?photos=0470e3d2-7eac-42ca-a91a-4fb55ad4d419,robyn.tanny@northwestern.edu,tcrombie@northwestern.edu,11/8/18,NA,NA,Hawaii,United States
C. tropicalis,ECA1306,NA,NA,NA,NA,NA,NA,ECA,hawaii_2018,C-3673,S-08029,21.342931,-157.823853,Wild forest,Flower,NA,23.2,24,NA,96.7,https://web.fulcrumapp.com/photos/view?photos=19feeae8-8668-471f-82df-a898e34d1b7c,gaotian52@gmail.com,tcrombie@northwestern.edu,11/8/18,NA,NA,Hawaii,United States
C. tropicalis,ECA1307,NA,NA,NA,NA,NA,NA,ECA,hawaii_2018,C-1436,S-08031,21.341864,-157.809542,Wild forest,Fruit,NA,21.9,24,NA,87.3,https://web.fulcrumapp.com/photos/view?photos=4f71a61c-66a6-4661-908d-e81180291ab1,gaotian52@gmail.com,tcrombie@northwestern.edu,11/8/18,NA,NA,Hawaii,United States
C. tropicalis,ECA1308,NA,NA,NA,NA,NA,NA,ECA,hawaii_2018,C-3673,S-08033,21.342931,-157.823853,Wild forest,Flower,NA,23.2,24,NA,96.7,https://web.fulcrumapp.com/photos/view?photos=19feeae8-8668-471f-82df-a898e34d1b7c,gaotian52@gmail.com,tcrombie@northwestern.edu,11/8/18,NA,NA,Hawaii,United States
C. tropicalis,ECA1309,NA,NA,NA,NA,NA,NA,ECA,hawaii_2018,C-3673,S-08034,21.342931,-157.823853,Wild forest,Flower,NA,23.2,24,NA,96.7,https://web.fulcrumapp.com/photos/view?photos=19feeae8-8668-471f-82df-a898e34d1b7c,gaotian52@gmail.com,tcrombie@northwestern.edu,11/8/18,NA,NA,Hawaii,United States
C. tropicalis,ECA1310,NA,NA,NA,NA,NA,NA,ECA,hawaii_2018,C-3673,S-08036,21.342931,-157.823853,Wild forest,Flower,NA,23.2,24,NA,96.7,https://web.fulcrumapp.com/photos/view?photos=19feeae8-8668-471f-82df-a898e34d1b7c,gaotian52@gmail.com,tcrombie@northwestern.edu,11/8/18,NA,NA,Hawaii,United States
C. tropicalis,ECA1311,NA,NA,NA,NA,NA,NA,ECA,hawaii_2018,C-4442,S-08559,20.040464,-155.441103,Wild forest,Leaf litter,NA,21.4,23.3,63,85.9,https://web.fulcrumapp.com/photos/view?photos=762ccbe6-a0c4-47d4-b15c-9c7742478b94,robyn.tanny@northwestern.edu,tcrombie@northwestern.edu,11/19/18,NA,NA,Hawaii,United States
C. tropicalis,ECA1312,NA,NA,NA,NA,NA,NA,ECA,hawaii_2018,C-4442,S-08569,20.040464,-155.441103,Wild forest,Leaf litter,NA,21.4,23.3,63,85.9,https://web.fulcrumapp.com/photos/view?photos=762ccbe6-a0c4-47d4-b15c-9c7742478b94,robyn.tanny@northwestern.edu,tcrombie@northwestern.edu,11/19/18,NA,NA,Hawaii,United States
C. tropicalis,ECA1313,NA,NA,NA,NA,NA,NA,ECA,hawaii_2018,C-4442,S-08578,20.040464,-155.441103,Wild forest,Leaf litter,NA,21.4,23.3,63,85.9,https://web.fulcrumapp.com/photos/view?photos=762ccbe6-a0c4-47d4-b15c-9c7742478b94,robyn.tanny@northwestern.edu,tcrombie@northwestern.edu,11/19/18,NA,NA,Hawaii,United States